n_bits,trials,mean_time_s,median_time_s
3,20,0.000000,0.000000
4,20,0.000000,0.000000
5,20,0.000001,0.000000
6,20,0.000001,0.000001
